episode_id,query_file,support_file,official_thresh,official_pred_fg,clean_pred_fg,gt_fg,official_iou,clean_iou,iou_diff_pp,exact_mask_match
0,CHNCXR_0365_1.png,CHNCXR_0123_0.png,0.2001,32272,34315,44828,70.29,73.75,+3.46,False
1,CHNCXR_0364_1.png,CHNCXR_0009_0.png,0.2237,45553,48070,32375,66.54,64.67,-1.87,False
2,CHNCXR_0275_0.png,CHNCXR_0385_1.png,0.3045,29177,29508,25831,81.07,82.02,+0.96,False
3,CHNCXR_0651_1.png,CHNCXR_0622_1.png,0.3287,55042,54081,50573,81.75,83.38,+1.62,False
4,CHNCXR_0268_0.png,CHNCXR_0257_0.png,0.2897,35300,35816,33395,81.42,83.87,+2.45,False
5,CHNCXR_0033_0.png,CHNCXR_0390_1.png,0.3479,33981,36075,41998,73.98,76.03,+2.05,False
6,CHNCXR_0176_0.png,CHNCXR_0005_0.png,0.2876,26259,29659,25568,80.54,77.70,-2.83,False
7,CHNCXR_0423_1.png,CHNCXR_0051_0.png,0.2418,34461,38131,47486,69.30,73.64,+4.34,False
8,CHNCXR_0111_0.png,MCUCXR_0108_1.png,0.3048,46008,46706,43538,84.26,84.45,+0.19,False
9,MCUCXR_0060_0.png,CHNCXR_0473_1.png,0.3026,16820,20256,15784,79.72,73.75,-5.96,False
10,CHNCXR_0335_1.png,CHNCXR_0095_0.png,0.2933,39735,43087,43806,83.86,85.01,+1.15,False
11,CHNCXR_0370_1.png,MCUCXR_0334_1.png,0.2604,29625,32459,22063,64.78,64.71,-0.07,False
12,CHNCXR_0395_1.png,MCUCXR_0011_0.png,0.3003,38609,43289,43154,76.18,76.60,+0.42,False
13,CHNCXR_0642_1.png,CHNCXR_0611_1.png,0.2910,53374,53844,55307,83.34,85.53,+2.19,False
14,CHNCXR_0096_0.png,CHNCXR_0597_1.png,0.2512,40780,45521,49315,77.52,81.23,+3.70,False
15,CHNCXR_0548_1.png,CHNCXR_0020_0.png,0.3411,37723,48632,31621,78.73,63.71,-15.02,False
16,CHNCXR_0034_0.png,CHNCXR_0634_1.png,0.3405,32909,32896,26490,67.28,64.78,-2.50,False
17,CHNCXR_0654_1.png,CHNCXR_0134_0.png,0.3046,63213,66221,65021,82.71,84.73,+2.02,False
18,CHNCXR_0157_0.png,CHNCXR_0544_1.png,0.2117,38103,39101,30825,76.26,75.55,-0.71,False
19,CHNCXR_0366_1.png,CHNCXR_0298_0.png,0.3259,34360,36145,29539,80.13,78.87,-1.27,False
